ticket_id,title,description,creator,category,priority,created_at,description_length
1001,账号登录失败,员工无法登录内部系统,小林,账号问题,紧急,2026-09-01 09:10:00,10
1002,报销制度咨询,想了解差旅报销标准,小周,制度咨询,普通,2026-09-01 10:20:00,9
1003,客户支付异常,客户付款时一直显示支付失败,小陈,支付问题,紧急,2026-09-01 11:05:00,13
1004,修改联系方式,如何修改绑定手机号,小李,账号问题,普通,2026-09-02 08:30:00,9
1007,密码重置,忘记密码如何重置,未知用户,账号问题,普通,2026-09-03 14:10:00,8
1008,订单查询,订单状态长时间未更新,小刘,待分类,普通,2026-09-04 09:25:00,10
1009,数据异常,用户资料出现数据丢失,小孙,技术问题,紧急,2026-09-04 15:40:00,10
1010,功能建议,希望增加批量导出功能,小郑,产品建议,普通,2026-09-05 11:00:00,10
1011,空格问题,如何修改邮箱地址？,小钱,账号问题,普通,2026-09-05 13:30:00,9
